Gallegos Ltd,Lori.Hughes@mailinator.com
Diaz Inc,Logan.Arellano@mailinator.com
Hayden-Bradford,Maria.Goodman@mailinator.com
Lyons Group,Joseph.Wallace@mailinator.com
Baldwin-Goodman,Laura.Johnson@mailinator.com
Jackson PLC,Joshua.Prince@mailinator.com
Caldwell Group,Rachel.Barnes@mailinator.com
Nelson LLC,Jeffrey.Page@mailinator.com
Graham Inc,Sherry.Pena@mailinator.com
Boyd Group,Donald.Benson@mailinator.com
"Wilson, Harris and Terry",Adam.Jones@mailinator.com
"Knapp, Yoder and Byrd",Paige.Hatfield@mailinator.com
Carter-Roman,April.Mack@mailinator.com
Johnson-Ellis,Bryan.Gonzalez@mailinator.com
"Knight, Johnson and Marks",Tonya.Long@mailinator.com
"Harris, Maynard and Murphy",Renee.Hamilton@mailinator.com
Reyes LLC,Anthony.Park@mailinator.com
"Watson, Jones and Chan",Carol.Bartlett@mailinator.com
Nash-Chavez,Charles.Burns@mailinator.com
Wheeler Group,Jacob.Gill@mailinator.com
"Smith, Hall and Miller",Gina.Chen@mailinator.com
Young Group,David.Martinez@mailinator.com
"Stevens, Kelley and Nelson",Jerry.Hogan@mailinator.com
Wilson PLC,Michael.Keith@mailinator.com
Dyer and Sons,James.Stewart@mailinator.com
Middleton-Fleming,Madison.Conley@mailinator.com
"Morris, Hancock and Strickland",Lisa.Moody@mailinator.com
